id;request_start;request_end;length
1;2025-11-10T04:27:08;2025-11-10T06:09:58;25181
2;2025-11-10T14:42:02;2025-11-10T07:30:21;25359
3;2025-11-10T14:04:41;2025-11-09T18:58:10;26827
4;2025-11-09T22:56:58;2025-11-10T07:25:19;10311
5;2025-11-10T01:35:00;2025-11-10T02:00:36;31558
6;2025-11-10T06:42:07;2025-11-09T23:15:44;18824
7;2025-11-10T13:54:11;2025-11-09T22:22:12;3801
8;2025-11-10T03:40:50;2025-11-10T10:29:22;7909
9;2025-11-10T14:22:35;2025-11-09T17:34:51;12623
10;2025-11-10T01:16:09;2025-11-09T21:41:51;745
